{
  "best_val_loss": 1.3756703694661458,
  "best_val_acc": 0.5259259259259259,
  "test_loss": 1.3544001499811809,
  "test_acc": 0.5037037037037037,
  "class_names": [
    "Crazing",
    "Inclusion",
    "Patches",
    "Pitted_Surface",
    "Rolled-in_Scale",
    "Scratches"
  ],
  "classification_report": {
    "Crazing": {
      "precision": 0.44,
      "recall": 0.7333333333333333,
      "f1-score": 0.55,
      "support": 45.0
    },
    "Inclusion": {
      "precision": 0.42857142857142855,
      "recall": 0.06666666666666667,
      "f1-score": 0.11538461538461539,
      "support": 45.0
    },
    "Patches": {
      "precision": 0.813953488372093,
      "recall": 0.7777777777777778,
      "f1-score": 0.7954545454545454,
      "support": 45.0
    },
    "Pitted_Surface": {
      "precision": 0.6956521739130435,
      "recall": 0.35555555555555557,
      "f1-score": 0.47058823529411764,
      "support": 45.0
    },
    "Rolled-in_Scale": {
      "precision": 0.41935483870967744,
      "recall": 0.5777777777777777,
      "f1-score": 0.48598130841121495,
      "support": 45.0
    },
    "Scratches": {
      "precision": 0.38333333333333336,
      "recall": 0.5111111111111111,
      "f1-score": 0.4380952380952381,
      "support": 45.0
    },
    "accuracy": 0.5037037037037037,
    "macro avg": {
      "precision": 0.5301442104832627,
      "recall": 0.5037037037037037,
      "f1-score": 0.47591732377328855,
      "support": 270.0
    },
    "weighted avg": {
      "precision": 0.5301442104832627,
      "recall": 0.5037037037037037,
      "f1-score": 0.4759173237732886,
      "support": 270.0
    }
  },
  "confusion_matrix": [
    [
      33,
      1,
      3,
      0,
      7,
      1
    ],
    [
      2,
      3,
      0,
      3,
      14,
      23
    ],
    [
      6,
      0,
      35,
      4,
      0,
      0
    ],
    [
      19,
      1,
      2,
      16,
      2,
      5
    ],
    [
      9,
      1,
      1,
      0,
      26,
      8
    ],
    [
      6,
      1,
      2,
      0,
      13,
      23
    ]
  ],
  "resolved_data_dir": "D:\\truong\\dl\\csc4005-lab1-neu-mlp-mi-T-T-1\\NEU-CLS_extracted"
}